{
  "data": {
    "edges": [
      {
        "animated": false,
        "className": "",
        "data": {
          "sourceHandle": {
            "dataType": "ChatInput",
            "id": "ChatInput-ZdaVI",
            "name": "message",
            "output_types": [
              "Message"
            ]
          },
          "targetHandle": {
            "fieldName": "query",
            "id": "TavilySearchComponent-k38t2",
            "inputTypes": [
              "Message"
            ],
            "type": "str"
          }
        },
        "id": "reactflow__edge-ChatInput-ZdaVI{œdataTypeœ:œChatInputœ,œidœ:œChatInput-ZdaVIœ,œnameœ:œmessageœ,œoutput_typesœ:[œMessageœ]}-TavilySearchComponent-k38t2{œfieldNameœ:œqueryœ,œidœ:œTavilySearchComponent-k38t2œ,œinputTypesœ:[œMessageœ],œtypeœ:œstrœ}",
        "selected": false,
        "source": "ChatInput-ZdaVI",
        "sourceHandle": "{œdataTypeœ:œChatInputœ,œidœ:œChatInput-ZdaVIœ,œnameœ:œmessageœ,œoutput_typesœ:[œMessageœ]}",
        "target": "TavilySearchComponent-k38t2",
        "targetHandle": "{œfieldNameœ:œqueryœ,œidœ:œTavilySearchComponent-k38t2œ,œinputTypesœ:[œMessageœ],œtypeœ:œstrœ}"
      },
      {
        "animated": false,
        "className": "",
        "data": {
          "sourceHandle": {
            "dataType": "TavilySearchComponent",
            "id": "TavilySearchComponent-k38t2",
            "name": "dataframe",
            "output_types": [
              "DataFrame"
            ]
          },
          "targetHandle": {
            "fieldName": "input_data",
            "id": "ParserComponent-YY8sX",
            "inputTypes": [
              "DataFrame",
              "Data"
            ],
            "type": "other"
          }
        },
        "id": "reactflow__edge-TavilySearchComponent-k38t2{œdataTypeœ:œTavilySearchComponentœ,œidœ:œTavilySearchComponent-k38t2œ,œnameœ:œdataframeœ,œoutput_typesœ:[œDataFrameœ]}-ParserComponent-YY8sX{œfieldNameœ:œinput_dataœ,œidœ:œParserComponent-YY8sXœ,œinputTypesœ:[œDataFrameœ,œDataœ],œtypeœ:œotherœ}",
        "selected": false,
        "source": "TavilySearchComponent-k38t2",
        "sourceHandle": "{œdataTypeœ:œTavilySearchComponentœ,œidœ:œTavilySearchComponent-k38t2œ,œnameœ:œdataframeœ,œoutput_typesœ:[œDataFrameœ]}",
        "target": "ParserComponent-YY8sX",
        "targetHandle": "{œfieldNameœ:œinput_dataœ,œidœ:œParserComponent-YY8sXœ,œinputTypesœ:[œDataFrameœ,œDataœ],œtypeœ:œotherœ}"
      },
      {
        "animated": false,
        "className": "",
        "data": {
          "sourceHandle": {
            "dataType": "ParserComponent",
            "id": "ParserComponent-YY8sX",
            "name": "parsed_text",
            "output_types": [
              "Message"
            ]
          },
          "targetHandle": {
            "fieldName": "input_value",
            "id": "ChatOutput-f5E46",
            "inputTypes": [
              "Data",
              "DataFrame",
              "Message"
            ],
            "type": "other"
          }
        },
        "id": "xy-edge__ParserComponent-YY8sX{œdataTypeœ:œParserComponentœ,œidœ:œParserComponent-YY8sXœ,œnameœ:œparsed_textœ,œoutput_typesœ:[œMessageœ]}-ChatOutput-f5E46{œfieldNameœ:œinput_valueœ,œidœ:œChatOutput-f5E46œ,œinputTypesœ:[œDataœ,œDataFrameœ,œMessageœ],œtypeœ:œotherœ}",
        "selected": false,
        "source": "ParserComponent-YY8sX",
        "sourceHandle": "{œdataTypeœ:œParserComponentœ,œidœ:œParserComponent-YY8sXœ,œnameœ:œparsed_textœ,œoutput_typesœ:[œMessageœ]}",
        "target": "ChatOutput-f5E46",
        "targetHandle": "{œfieldNameœ:œinput_valueœ,œidœ:œChatOutput-f5E46œ,œinputTypesœ:[œDataœ,œDataFrameœ,œMessageœ],œtypeœ:œotherœ}"
      }
    ],
    "nodes": [
      {
        "data": {
          "id": "TavilySearchComponent-k38t2",
          "node": {
            "base_classes": [
              "DataFrame"
            ],
            "beta": false,
            "conditional_paths": [],
            "custom_fields": {},
            "description": "**Tavily Search** is a search engine optimized for LLMs and RAG,         aimed at efficient, quick, and persistent search results.",
            "display_name": "Tavily Search API",
            "documentation": "",
            "edited": false,
            "field_order": [
              "api_key",
              "query",
              "search_depth",
              "chunks_per_source",
              "topic",
              "days",
              "max_results",
              "include_answer",
              "time_range",
              "include_images",
              "include_domains",
              "exclude_domains",
              "include_raw_content"
            ],
            "frozen": false,
            "icon": "TavilyIcon",
            "legacy": false,
            "lf_version": "1.6.2",
            "metadata": {},
            "minimized": false,
            "output_types": [],
            "outputs": [
              {
                "allows_loop": false,
                "cache": true,
                "display_name": "DataFrame",
                "group_outputs": false,
                "hidden": null,
                "method": "fetch_content_dataframe",
                "name": "dataframe",
                "options": null,
                "required_inputs": null,
                "selected": "DataFrame",
                "tool_mode": true,
                "types": [
                  "DataFrame"
                ],
                "value": "__UNDEFINED__"
              }
            ],
            "pinned": false,
            "template": {
              "_type": "Component",
              "api_key": {
                "_input_type": "SecretStrInput",
                "advanced": false,
                "display_name": "Tavily API Key",
                "dynamic": false,
                "info": "Your Tavily API Key.",
                "input_types": [],
                "load_from_db": true,
                "name": "api_key",
                "password": true,
                "placeholder": "",
                "required": true,
                "show": true,
                "title_case": false,
                "type": "str",
                "value": ""
              },
              "chunks_per_source": {
                "_input_type": "IntInput",
                "advanced": true,
                "display_name": "Chunks Per Source",
                "dynamic": false,
                "info": "The number of content chunks to retrieve from each source (1-3). Only works with advanced search.",
                "list": false,
                "list_add_label": "Add More",
                "name": "chunks_per_source",
                "placeholder": "",
                "required": false,
                "show": true,
                "title_case": false,
                "tool_mode": false,
                "trace_as_metadata": true,
                "type": "int",
                "value": 3
              },
              "code": {
                "advanced": true,
                "dynamic": true,
                "fileTypes": [],
                "file_path": "",
                "info": "",
                "list": false,
                "load_from_db": false,
                "multiline": true,
                "name": "code",
                "password": false,
                "placeholder": "",
                "required": true,
                "show": true,
                "title_case": false,
                "type": "code",
                "value": "import httpx\n\nfrom langflow.custom.custom_component.component import Component\nfrom langflow.inputs.inputs import BoolInput, DropdownInput, IntInput, MessageTextInput, SecretStrInput\nfrom langflow.logging.logger import logger\nfrom langflow.schema.data import Data\nfrom langflow.schema.dataframe import DataFrame\nfrom langflow.template.field.base import Output\n\n\nclass TavilySearchComponent(Component):\n    display_name = \"Tavily Search API\"\n    description = \"\"\"**Tavily Search** is a search engine optimized for LLMs and RAG, \\\n        aimed at efficient, quick, and persistent search results.\"\"\"\n    icon = \"TavilyIcon\"\n\n    inputs = [\n        SecretStrInput(\n            name=\"api_key\",\n            display_name=\"Tavily API Key\",\n            required=True,\n            info=\"Your Tavily API Key.\",\n        ),\n        MessageTextInput(\n            name=\"query\",\n            display_name=\"Search Query\",\n            info=\"The search query you want to execute with Tavily.\",\n            tool_mode=True,\n        ),\n        DropdownInput(\n            name=\"search_depth\",\n            display_name=\"Search Depth\",\n            info=\"The depth of the search.\",\n            options=[\"basic\", \"advanced\"],\n            value=\"advanced\",\n            advanced=True,\n        ),\n        IntInput(\n            name=\"chunks_per_source\",\n            display_name=\"Chunks Per Source\",\n            info=(\"The number of content chunks to retrieve from each source (1-3). Only works with advanced search.\"),\n            value=3,\n            advanced=True,\n        ),\n        DropdownInput(\n            name=\"topic\",\n            display_name=\"Search Topic\",\n            info=\"The category of the search.\",\n            options=[\"general\", \"news\"],\n            value=\"general\",\n            advanced=True,\n        ),\n        IntInput(\n            name=\"days\",\n            display_name=\"Days\",\n            info=\"Number of days back from current date to include. Only available with news topic.\",\n            value=7,\n            advanced=True,\n        ),\n        IntInput(\n            name=\"max_results\",\n            display_name=\"Max Results\",\n            info=\"The maximum number of search results to return.\",\n            value=5,\n            advanced=True,\n        ),\n        BoolInput(\n            name=\"include_answer\",\n            display_name=\"Include Answer\",\n            info=\"Include a short answer to original query.\",\n            value=True,\n            advanced=True,\n        ),\n        DropdownInput(\n            name=\"time_range\",\n            display_name=\"Time Range\",\n            info=\"The time range back from the current date to filter results.\",\n            options=[\"day\", \"week\", \"month\", \"year\"],\n            value=None,  # Default to None to make it optional\n            advanced=True,\n        ),\n        BoolInput(\n            name=\"include_images\",\n            display_name=\"Include Images\",\n            info=\"Include a list of query-related images in the response.\",\n            value=True,\n            advanced=True,\n        ),\n        MessageTextInput(\n            name=\"include_domains\",\n            display_name=\"Include Domains\",\n            info=\"Comma-separated list of domains to include in the search results.\",\n            advanced=True,\n        ),\n        MessageTextInput(\n            name=\"exclude_domains\",\n            display_name=\"Exclude Domains\",\n            info=\"Comma-separated list of domains to exclude from the search results.\",\n            advanced=True,\n        ),\n        BoolInput(\n            name=\"include_raw_content\",\n            display_name=\"Include Raw Content\",\n            info=\"Include the cleaned and parsed HTML content of each search result.\",\n            value=False,\n            advanced=True,\n        ),\n    ]\n\n    outputs = [\n        Output(display_name=\"DataFrame\", name=\"dataframe\", method=\"fetch_content_dataframe\"),\n    ]\n\n    def fetch_content(self) -> list[Data]:\n        try:\n            # Only process domains if they're provided\n            include_domains = None\n            exclude_domains = None\n\n            if self.include_domains:\n                include_domains = [domain.strip() for domain in self.include_domains.split(\",\") if domain.strip()]\n\n            if self.exclude_domains:\n                exclude_domains = [domain.strip() for domain in self.exclude_domains.split(\",\") if domain.strip()]\n\n            url = \"https://api.tavily.com/search\"\n            headers = {\n                \"content-type\": \"application/json\",\n                \"accept\": \"application/json\",\n            }\n\n            payload = {\n                \"api_key\": self.api_key,\n                \"query\": self.query,\n                \"search_depth\": self.search_depth,\n                \"topic\": self.topic,\n                \"max_results\": self.max_results,\n                \"include_images\": self.include_images,\n                \"include_answer\": self.include_answer,\n                \"include_raw_content\": self.include_raw_content,\n                \"days\": self.days,\n                \"time_range\": self.time_range,\n            }\n\n            # Only add domains to payload if they exist and have values\n            if include_domains:\n                payload[\"include_domains\"] = include_domains\n            if exclude_domains:\n                payload[\"exclude_domains\"] = exclude_domains\n\n            # Add conditional parameters only if they should be included\n            if self.search_depth == \"advanced\" and self.chunks_per_source:\n                payload[\"chunks_per_source\"] = self.chunks_per_source\n\n            if self.topic == \"news\" and self.days:\n                payload[\"days\"] = int(self.days)  # Ensure days is an integer\n\n            # Add time_range if it's set\n            if hasattr(self, \"time_range\") and self.time_range:\n                payload[\"time_range\"] = self.time_range\n\n            # Add timeout handling\n            with httpx.Client(timeout=90.0) as client:\n                response = client.post(url, json=payload, headers=headers)\n\n            response.raise_for_status()\n            search_results = response.json()\n\n            data_results = []\n\n            if self.include_answer and search_results.get(\"answer\"):\n                data_results.append(Data(text=search_results[\"answer\"]))\n\n            for result in search_results.get(\"results\", []):\n                content = result.get(\"content\", \"\")\n                result_data = {\n                    \"title\": result.get(\"title\"),\n                    \"url\": result.get(\"url\"),\n                    \"content\": content,\n                    \"score\": result.get(\"score\"),\n                }\n                if self.include_raw_content:\n                    result_data[\"raw_content\"] = result.get(\"raw_content\")\n\n                data_results.append(Data(text=content, data=result_data))\n\n            if self.include_images and search_results.get(\"images\"):\n                data_results.append(Data(text=\"Images found\", data={\"images\": search_results[\"images\"]}))\n\n        except httpx.TimeoutException:\n            error_message = \"Request timed out (90s). Please try again or adjust parameters.\"\n            logger.error(error_message)\n            return [Data(text=error_message, data={\"error\": error_message})]\n        except httpx.HTTPStatusError as exc:\n            error_message = f\"HTTP error occurred: {exc.response.status_code} - {exc.response.text}\"\n            logger.error(error_message)\n            return [Data(text=error_message, data={\"error\": error_message})]\n        except httpx.RequestError as exc:\n            error_message = f\"Request error occurred: {exc}\"\n            logger.error(error_message)\n            return [Data(text=error_message, data={\"error\": error_message})]\n        except ValueError as exc:\n            error_message = f\"Invalid response format: {exc}\"\n            logger.error(error_message)\n            return [Data(text=error_message, data={\"error\": error_message})]\n        else:\n            self.status = data_results\n            return data_results\n\n    def fetch_content_dataframe(self) -> DataFrame:\n        data = self.fetch_content()\n        return DataFrame(data)\n"
              },
              "days": {
                "_input_type": "IntInput",
                "advanced": true,
                "display_name": "Days",
                "dynamic": false,
                "info": "Number of days back from current date to include. Only available with news topic.",
                "list": false,
                "list_add_label": "Add More",
                "name": "days",
                "placeholder": "",
                "required": false,
                "show": true,
                "title_case": false,
                "tool_mode": false,
                "trace_as_metadata": true,
                "type": "int",
                "value": 7
              },
              "exclude_domains": {
                "_input_type": "MessageTextInput",
                "advanced": true,
                "display_name": "Exclude Domains",
                "dynamic": false,
                "info": "Comma-separated list of domains to exclude from the search results.",
                "input_types": [
                  "Message"
                ],
                "list": false,
                "list_add_label": "Add More",
                "load_from_db": false,
                "name": "exclude_domains",
                "placeholder": "",
                "required": false,
                "show": true,
                "title_case": false,
                "tool_mode": false,
                "trace_as_input": true,
                "trace_as_metadata": true,
                "type": "str",
                "value": ""
              },
              "include_answer": {
                "_input_type": "BoolInput",
                "advanced": true,
                "display_name": "Include Answer",
                "dynamic": false,
                "info": "Include a short answer to original query.",
                "list": false,
                "list_add_label": "Add More",
                "load_from_db": false,
                "name": "include_answer",
                "placeholder": "",
                "required": false,
                "show": true,
                "title_case": false,
                "tool_mode": false,
                "trace_as_metadata": true,
                "type": "bool",
                "value": false
              },
              "include_domains": {
                "_input_type": "MessageTextInput",
                "advanced": true,
                "display_name": "Include Domains",
                "dynamic": false,
                "info": "Comma-separated list of domains to include in the search results.",
                "input_types": [
                  "Message"
                ],
                "list": false,
                "list_add_label": "Add More",
                "load_from_db": false,
                "name": "include_domains",
                "placeholder": "",
                "required": false,
                "show": true,
                "title_case": false,
                "tool_mode": false,
                "trace_as_input": true,
                "trace_as_metadata": true,
                "type": "str",
                "value": ""
              },
              "include_images": {
                "_input_type": "BoolInput",
                "advanced": true,
                "display_name": "Include Images",
                "dynamic": false,
                "info": "Include a list of query-related images in the response.",
                "list": false,
                "list_add_label": "Add More",
                "load_from_db": false,
                "name": "include_images",
                "placeholder": "",
                "required": false,
                "show": true,
                "title_case": false,
                "tool_mode": false,
                "trace_as_metadata": true,
                "type": "bool",
                "value": false
              },
              "include_raw_content": {
                "_input_type": "BoolInput",
                "advanced": true,
                "display_name": "Include Raw Content",
                "dynamic": false,
                "info": "Include the cleaned and parsed HTML content of each search result.",
                "list": false,
                "list_add_label": "Add More",
                "name": "include_raw_content",
                "placeholder": "",
                "required": false,
                "show": true,
                "title_case": false,
                "tool_mode": false,
                "trace_as_metadata": true,
                "type": "bool",
                "value": true
              },
              "max_results": {
                "_input_type": "IntInput",
                "advanced": true,
                "display_name": "Max Results",
                "dynamic": false,
                "info": "The maximum number of search results to return.",
                "list": false,
                "list_add_label": "Add More",
                "name": "max_results",
                "placeholder": "",
                "required": false,
                "show": true,
                "title_case": false,
                "tool_mode": false,
                "trace_as_metadata": true,
                "type": "int",
                "value": 5
              },
              "query": {
                "_input_type": "MessageTextInput",
                "advanced": false,
                "display_name": "Search Query",
                "dynamic": false,
                "info": "The search query you want to execute with Tavily.",
                "input_types": [
                  "Message"
                ],
                "list": false,
                "list_add_label": "Add More",
                "load_from_db": false,
                "name": "query",
                "placeholder": "",
                "required": false,
                "show": true,
                "title_case": false,
                "tool_mode": true,
                "trace_as_input": true,
                "trace_as_metadata": true,
                "type": "str",
                "value": ""
              },
              "search_depth": {
                "_input_type": "DropdownInput",
                "advanced": true,
                "combobox": false,
                "dialog_inputs": {},
                "display_name": "Search Depth",
                "dynamic": false,
                "external_options": {},
                "info": "The depth of the search.",
                "name": "search_depth",
                "options": [
                  "basic",
                  "advanced"
                ],
                "options_metadata": [],
                "placeholder": "",
                "required": false,
                "show": true,
                "title_case": false,
                "toggle": false,
                "tool_mode": false,
                "trace_as_metadata": true,
                "type": "str",
                "value": "advanced"
              },
              "time_range": {
                "_input_type": "DropdownInput",
                "advanced": true,
                "combobox": false,
                "dialog_inputs": {},
                "display_name": "Time Range",
                "dynamic": false,
                "external_options": {},
                "info": "The time range back from the current date to filter results.",
                "name": "time_range",
                "options": [
                  "day",
                  "week",
                  "month",
                  "year"
                ],
                "options_metadata": [],
                "placeholder": "",
                "required": false,
                "show": true,
                "title_case": false,
                "toggle": false,
                "tool_mode": false,
                "trace_as_metadata": true,
                "type": "str"
              },
              "topic": {
                "_input_type": "DropdownInput",
                "advanced": true,
                "combobox": false,
                "dialog_inputs": {},
                "display_name": "Search Topic",
                "dynamic": false,
                "external_options": {},
                "info": "The category of the search.",
                "name": "topic",
                "options": [
                  "general",
                  "news"
                ],
                "options_metadata": [],
                "placeholder": "",
                "required": false,
                "show": true,
                "title_case": false,
                "toggle": false,
                "tool_mode": false,
                "trace_as_metadata": true,
                "type": "str",
                "value": "general"
              }
            },
            "tool_mode": false
          },
          "selected_output": "data",
          "showNode": true,
          "type": "TavilySearchComponent"
        },
        "dragging": false,
        "id": "TavilySearchComponent-k38t2",
        "measured": {
          "height": 318,
          "width": 320
        },
        "position": {
          "x": 315.3158135237454,
          "y": 166.31357325559426
        },
        "selected": false,
        "type": "genericNode"
      },
      {
        "data": {
          "id": "ChatInput-ZdaVI",
          "node": {
            "base_classes": [
              "Message"
            ],
            "beta": false,
            "conditional_paths": [],
            "custom_fields": {},
            "description": "Get chat inputs from the Playground.",
            "display_name": "Chat Input",
            "documentation": "https://docs.langflow.org/components-io#chat-input",
            "edited": false,
            "field_order": [
              "input_value",
              "should_store_message",
              "sender",
              "sender_name",
              "session_id",
              "files"
            ],
            "frozen": false,
            "icon": "MessagesSquare",
            "legacy": false,
            "lf_version": "1.6.2",
            "metadata": {},
            "minimized": true,
            "output_types": [],
            "outputs": [
              {
                "allows_loop": false,
                "cache": true,
                "display_name": "Chat Message",
                "group_outputs": false,
                "method": "message_response",
                "name": "message",
                "options": null,
                "required_inputs": null,
                "selected": "Message",
                "tool_mode": true,
                "types": [
                  "Message"
                ],
                "value": "__UNDEFINED__"
              }
            ],
            "pinned": false,
            "template": {
              "_type": "Component",
              "code": {
                "advanced": true,
                "dynamic": true,
                "fileTypes": [],
                "file_path": "",
                "info": "",
                "list": false,
                "load_from_db": false,
                "multiline": true,
                "name": "code",
                "password": false,
                "placeholder": "",
                "required": true,
                "show": true,
                "title_case": false,
                "type": "code",
                "value": "from langflow.base.data.utils import IMG_FILE_TYPES, TEXT_FILE_TYPES\nfrom langflow.base.io.chat import ChatComponent\nfrom langflow.inputs.inputs import BoolInput\nfrom langflow.io import (\n    DropdownInput,\n    FileInput,\n    MessageTextInput,\n    MultilineInput,\n    Output,\n)\nfrom langflow.schema.message import Message\nfrom langflow.utils.constants import (\n    MESSAGE_SENDER_AI,\n    MESSAGE_SENDER_NAME_USER,\n    MESSAGE_SENDER_USER,\n)\n\n\nclass ChatInput(ChatComponent):\n    display_name = \"Chat Input\"\n    description = \"Get chat inputs from the Playground.\"\n    documentation: str = \"https://docs.langflow.org/components-io#chat-input\"\n    icon = \"MessagesSquare\"\n    name = \"ChatInput\"\n    minimized = True\n\n    inputs = [\n        MultilineInput(\n            name=\"input_value\",\n            display_name=\"Input Text\",\n            value=\"\",\n            info=\"Message to be passed as input.\",\n            input_types=[],\n        ),\n        BoolInput(\n            name=\"should_store_message\",\n            display_name=\"Store Messages\",\n            info=\"Store the message in the history.\",\n            value=True,\n            advanced=True,\n        ),\n        DropdownInput(\n            name=\"sender\",\n            display_name=\"Sender Type\",\n            options=[MESSAGE_SENDER_AI, MESSAGE_SENDER_USER],\n            value=MESSAGE_SENDER_USER,\n            info=\"Type of sender.\",\n            advanced=True,\n        ),\n        MessageTextInput(\n            name=\"sender_name\",\n            display_name=\"Sender Name\",\n            info=\"Name of the sender.\",\n            value=MESSAGE_SENDER_NAME_USER,\n            advanced=True,\n        ),\n        MessageTextInput(\n            name=\"session_id\",\n            display_name=\"Session ID\",\n            info=\"The session ID of the chat. If empty, the current session ID parameter will be used.\",\n            advanced=True,\n        ),\n        FileInput(\n            name=\"files\",\n            display_name=\"Files\",\n            file_types=TEXT_FILE_TYPES + IMG_FILE_TYPES,\n            info=\"Files to be sent with the message.\",\n            advanced=True,\n            is_list=True,\n            temp_file=True,\n        ),\n    ]\n    outputs = [\n        Output(display_name=\"Chat Message\", name=\"message\", method=\"message_response\"),\n    ]\n\n    async def message_response(self) -> Message:\n        # Ensure files is a list and filter out empty/None values\n        files = self.files if self.files else []\n        if files and not isinstance(files, list):\n            files = [files]\n        files = [f for f in files if f is not None and f != \"\"]\n\n        message = await Message.create(\n            text=self.input_value,\n            sender=self.sender,\n            sender_name=self.sender_name,\n            session_id=self.session_id,\n            files=files,\n        )\n        if self.session_id and isinstance(message, Message) and self.should_store_message:\n            stored_message = await self.send_message(\n                message,\n            )\n            self.message.value = stored_message\n            message = stored_message\n\n        self.status = message\n        return message\n"
              },
              "files": {
                "_input_type": "FileInput",
                "advanced": true,
                "display_name": "Files",
                "dynamic": false,
                "fileTypes": [
                  "csv",
                  "json",
                  "pdf",
                  "txt",
                  "md",
                  "mdx",
                  "yaml",
                  "yml",
                  "xml",
                  "html",
                  "htm",
                  "docx",
                  "py",
                  "sh",
                  "sql",
                  "js",
                  "ts",
                  "tsx",
                  "jpg",
                  "jpeg",
                  "png",
                  "bmp",
                  "image"
                ],
                "file_path": "",
                "info": "Files to be sent with the message.",
                "list": true,
                "list_add_label": "Add More",
                "name": "files",
                "placeholder": "",
                "required": false,
                "show": true,
                "temp_file": true,
                "title_case": false,
                "trace_as_metadata": true,
                "type": "file",
                "value": ""
              },
              "input_value": {
                "_input_type": "MultilineInput",
                "advanced": false,
                "copy_field": false,
                "display_name": "Input Text",
                "dynamic": false,
                "info": "Message to be passed as input.",
                "input_types": [],
                "list": false,
                "list_add_label": "Add More",
                "load_from_db": false,
                "multiline": true,
                "name": "input_value",
                "placeholder": "",
                "required": false,
                "show": true,
                "title_case": false,
                "tool_mode": false,
                "trace_as_input": true,
                "trace_as_metadata": true,
                "type": "str",
                "value": ""
              },
              "sender": {
                "_input_type": "DropdownInput",
                "advanced": true,
                "combobox": false,
                "dialog_inputs": {},
                "display_name": "Sender Type",
                "dynamic": false,
                "external_options": {},
                "info": "Type of sender.",
                "name": "sender",
                "options": [
                  "Machine",
                  "User"
                ],
                "options_metadata": [],
                "placeholder": "",
                "required": false,
                "show": true,
                "title_case": false,
                "toggle": false,
                "tool_mode": false,
                "trace_as_metadata": true,
                "type": "str",
                "value": "User"
              },
              "sender_name": {
                "_input_type": "MessageTextInput",
                "advanced": true,
                "display_name": "Sender Name",
                "dynamic": false,
                "info": "Name of the sender.",
                "input_types": [
                  "Message"
                ],
                "list": false,
                "list_add_label": "Add More",
                "load_from_db": false,
                "name": "sender_name",
                "placeholder": "",
                "required": false,
                "show": true,
                "title_case": false,
                "tool_mode": false,
                "trace_as_input": true,
                "trace_as_metadata": true,
                "type": "str",
                "value": "User"
              },
              "session_id": {
                "_input_type": "MessageTextInput",
                "advanced": true,
                "display_name": "Session ID",
                "dynamic": false,
                "info": "The session ID of the chat. If empty, the current session ID parameter will be used.",
                "input_types": [
                  "Message"
                ],
                "list": false,
                "list_add_label": "Add More",
                "load_from_db": false,
                "name": "session_id",
                "placeholder": "",
                "required": false,
                "show": true,
                "title_case": false,
                "tool_mode": false,
                "trace_as_input": true,
                "trace_as_metadata": true,
                "type": "str",
                "value": ""
              },
              "should_store_message": {
                "_input_type": "BoolInput",
                "advanced": true,
                "display_name": "Store Messages",
                "dynamic": false,
                "info": "Store the message in the history.",
                "list": false,
                "list_add_label": "Add More",
                "name": "should_store_message",
                "placeholder": "",
                "required": false,
                "show": true,
                "title_case": false,
                "tool_mode": false,
                "trace_as_metadata": true,
                "type": "bool",
                "value": true
              }
            },
            "tool_mode": false
          },
          "showNode": false,
          "type": "ChatInput"
        },
        "dragging": false,
        "id": "ChatInput-ZdaVI",
        "measured": {
          "height": 48,
          "width": 192
        },
        "position": {
          "x": 68.27805695437686,
          "y": 273.4453271964204
        },
        "selected": false,
        "type": "genericNode"
      },
      {
        "data": {
          "id": "ChatOutput-f5E46",
          "node": {
            "base_classes": [
              "Message"
            ],
            "beta": false,
            "conditional_paths": [],
            "custom_fields": {},
            "description": "Display a chat message in the Playground.",
            "display_name": "Chat Output",
            "documentation": "https://docs.langflow.org/components-io#chat-output",
            "edited": false,
            "field_order": [
              "input_value",
              "should_store_message",
              "sender",
              "sender_name",
              "session_id",
              "data_template"
            ],
            "frozen": false,
            "icon": "MessagesSquare",
            "legacy": false,
            "lf_version": "1.6.2",
            "metadata": {},
            "minimized": true,
            "output_types": [],
            "outputs": [
              {
                "allows_loop": false,
                "cache": true,
                "display_name": "Output Message",
                "group_outputs": false,
                "method": "message_response",
                "name": "message",
                "options": null,
                "required_inputs": null,
                "selected": "Message",
                "tool_mode": true,
                "types": [
                  "Message"
                ],
                "value": "__UNDEFINED__"
              }
            ],
            "pinned": false,
            "template": {
              "_type": "Component",
              "code": {
                "advanced": true,
                "dynamic": true,
                "fileTypes": [],
                "file_path": "",
                "info": "",
                "list": false,
                "load_from_db": false,
                "multiline": true,
                "name": "code",
                "password": false,
                "placeholder": "",
                "required": true,
                "show": true,
                "title_case": false,
                "type": "code",
                "value": "from collections.abc import Generator\nfrom typing import Any\n\nimport orjson\nfrom fastapi.encoders import jsonable_encoder\n\nfrom langflow.base.io.chat import ChatComponent\nfrom langflow.helpers.data import safe_convert\nfrom langflow.inputs.inputs import BoolInput, DropdownInput, HandleInput, MessageTextInput\nfrom langflow.schema.data import Data\nfrom langflow.schema.dataframe import DataFrame\nfrom langflow.schema.message import Message\nfrom langflow.schema.properties import Source\nfrom langflow.template.field.base import Output\nfrom langflow.utils.constants import (\n    MESSAGE_SENDER_AI,\n    MESSAGE_SENDER_NAME_AI,\n    MESSAGE_SENDER_USER,\n)\n\n\nclass ChatOutput(ChatComponent):\n    display_name = \"Chat Output\"\n    description = \"Display a chat message in the Playground.\"\n    documentation: str = \"https://docs.langflow.org/components-io#chat-output\"\n    icon = \"MessagesSquare\"\n    name = \"ChatOutput\"\n    minimized = True\n\n    inputs = [\n        HandleInput(\n            name=\"input_value\",\n            display_name=\"Inputs\",\n            info=\"Message to be passed as output.\",\n            input_types=[\"Data\", \"DataFrame\", \"Message\"],\n            required=True,\n        ),\n        BoolInput(\n            name=\"should_store_message\",\n            display_name=\"Store Messages\",\n            info=\"Store the message in the history.\",\n            value=True,\n            advanced=True,\n        ),\n        DropdownInput(\n            name=\"sender\",\n            display_name=\"Sender Type\",\n            options=[MESSAGE_SENDER_AI, MESSAGE_SENDER_USER],\n            value=MESSAGE_SENDER_AI,\n            advanced=True,\n            info=\"Type of sender.\",\n        ),\n        MessageTextInput(\n            name=\"sender_name\",\n            display_name=\"Sender Name\",\n            info=\"Name of the sender.\",\n            value=MESSAGE_SENDER_NAME_AI,\n            advanced=True,\n        ),\n        MessageTextInput(\n            name=\"session_id\",\n            display_name=\"Session ID\",\n            info=\"The session ID of the chat. If empty, the current session ID parameter will be used.\",\n            advanced=True,\n        ),\n        MessageTextInput(\n            name=\"data_template\",\n            display_name=\"Data Template\",\n            value=\"{text}\",\n            advanced=True,\n            info=\"Template to convert Data to Text. If left empty, it will be dynamically set to the Data's text key.\",\n        ),\n    ]\n    outputs = [\n        Output(\n            display_name=\"Output Message\",\n            name=\"message\",\n            method=\"message_response\",\n        ),\n    ]\n\n    def _build_source(self, id_: str | None, display_name: str | None, source: str | None) -> Source:\n        source_dict = {}\n        if id_:\n            source_dict[\"id\"] = id_\n        if display_name:\n            source_dict[\"display_name\"] = display_name\n        if source:\n            # Handle case where source is a ChatOpenAI object\n            if hasattr(source, \"model_name\"):\n                source_dict[\"source\"] = source.model_name\n            elif hasattr(source, \"model\"):\n                source_dict[\"source\"] = str(source.model)\n            else:\n                source_dict[\"source\"] = str(source)\n        return Source(**source_dict)\n\n    async def message_response(self) -> Message:\n        # First convert the input to string if needed\n        text = self.convert_to_string()\n\n        # Get source properties\n        source, _icon, display_name, source_id = self.get_properties_from_source_component()\n\n        # Create or use existing Message object\n        if isinstance(self.input_value, Message):\n            message = self.input_value\n            # Update message properties\n            message.text = text\n        else:\n            message = Message(text=text)\n\n        # Set message properties\n        message.sender = self.sender\n        message.sender_name = self.sender_name\n        message.session_id = self.session_id\n        message.flow_id = self.graph.flow_id if hasattr(self, \"graph\") else None\n        message.properties.source = self._build_source(source_id, display_name, source)\n\n        # Store message if needed\n        if self.session_id and self.should_store_message:\n            stored_message = await self.send_message(message)\n            self.message.value = stored_message\n            message = stored_message\n\n        self.status = message\n        return message\n\n    def _serialize_data(self, data: Data) -> str:\n        \"\"\"Serialize Data object to JSON string.\"\"\"\n        # Convert data.data to JSON-serializable format\n        serializable_data = jsonable_encoder(data.data)\n        # Serialize with orjson, enabling pretty printing with indentation\n        json_bytes = orjson.dumps(serializable_data, option=orjson.OPT_INDENT_2)\n        # Convert bytes to string and wrap in Markdown code blocks\n        return \"```json\\n\" + json_bytes.decode(\"utf-8\") + \"\\n```\"\n\n    def _validate_input(self) -> None:\n        \"\"\"Validate the input data and raise ValueError if invalid.\"\"\"\n        if self.input_value is None:\n            msg = \"Input data cannot be None\"\n            raise ValueError(msg)\n        if isinstance(self.input_value, list) and not all(\n            isinstance(item, Message | Data | DataFrame | str) for item in self.input_value\n        ):\n            invalid_types = [\n                type(item).__name__\n                for item in self.input_value\n                if not isinstance(item, Message | Data | DataFrame | str)\n            ]\n            msg = f\"Expected Data or DataFrame or Message or str, got {invalid_types}\"\n            raise TypeError(msg)\n        if not isinstance(\n            self.input_value,\n            Message | Data | DataFrame | str | list | Generator | type(None),\n        ):\n            type_name = type(self.input_value).__name__\n            msg = f\"Expected Data or DataFrame or Message or str, Generator or None, got {type_name}\"\n            raise TypeError(msg)\n\n    def convert_to_string(self) -> str | Generator[Any, None, None]:\n        \"\"\"Convert input data to string with proper error handling.\"\"\"\n        self._validate_input()\n        if isinstance(self.input_value, list):\n            clean_data: bool = getattr(self, \"clean_data\", False)\n            return \"\\n\".join([safe_convert(item, clean_data=clean_data) for item in self.input_value])\n        if isinstance(self.input_value, Generator):\n            return self.input_value\n        return safe_convert(self.input_value)\n"
              },
              "data_template": {
                "_input_type": "MessageTextInput",
                "advanced": true,
                "display_name": "Data Template",
                "dynamic": false,
                "info": "Template to convert Data to Text. If left empty, it will be dynamically set to the Data's text key.",
                "input_types": [
                  "Message"
                ],
                "list": false,
                "list_add_label": "Add More",
                "load_from_db": false,
                "name": "data_template",
                "placeholder": "",
                "required": false,
                "show": true,
                "title_case": false,
                "tool_mode": false,
                "trace_as_input": true,
                "trace_as_metadata": true,
                "type": "str",
                "value": "{text}"
              },
              "input_value": {
                "_input_type": "HandleInput",
                "advanced": false,
                "display_name": "Inputs",
                "dynamic": false,
                "info": "Message to be passed as output.",
                "input_types": [
                  "Data",
                  "DataFrame",
                  "Message"
                ],
                "list": false,
                "list_add_label": "Add More",
                "name": "input_value",
                "placeholder": "",
                "required": true,
                "show": true,
                "title_case": false,
                "trace_as_metadata": true,
                "type": "other",
                "value": ""
              },
              "sender": {
                "_input_type": "DropdownInput",
                "advanced": true,
                "combobox": false,
                "dialog_inputs": {},
                "display_name": "Sender Type",
                "dynamic": false,
                "external_options": {},
                "info": "Type of sender.",
                "name": "sender",
                "options": [
                  "Machine",
                  "User"
                ],
                "options_metadata": [],
                "placeholder": "",
                "required": false,
                "show": true,
                "title_case": false,
                "toggle": false,
                "tool_mode": false,
                "trace_as_metadata": true,
                "type": "str",
                "value": "Machine"
              },
              "sender_name": {
                "_input_type": "MessageTextInput",
                "advanced": true,
                "display_name": "Sender Name",
                "dynamic": false,
                "info": "Name of the sender.",
                "input_types": [
                  "Message"
                ],
                "list": false,
                "list_add_label": "Add More",
                "load_from_db": false,
                "name": "sender_name",
                "placeholder": "",
                "required": false,
                "show": true,
                "title_case": false,
                "tool_mode": false,
                "trace_as_input": true,
                "trace_as_metadata": true,
                "type": "str",
                "value": "AI"
              },
              "session_id": {
                "_input_type": "MessageTextInput",
                "advanced": true,
                "display_name": "Session ID",
                "dynamic": false,
                "info": "The session ID of the chat. If empty, the current session ID parameter will be used.",
                "input_types": [
                  "Message"
                ],
                "list": false,
                "list_add_label": "Add More",
                "load_from_db": false,
                "name": "session_id",
                "placeholder": "",
                "required": false,
                "show": true,
                "title_case": false,
                "tool_mode": false,
                "trace_as_input": true,
                "trace_as_metadata": true,
                "type": "str",
                "value": ""
              },
              "should_store_message": {
                "_input_type": "BoolInput",
                "advanced": true,
                "display_name": "Store Messages",
                "dynamic": false,
                "info": "Store the message in the history.",
                "list": false,
                "list_add_label": "Add More",
                "name": "should_store_message",
                "placeholder": "",
                "required": false,
                "show": true,
                "title_case": false,
                "tool_mode": false,
                "trace_as_metadata": true,
                "type": "bool",
                "value": true
              }
            },
            "tool_mode": false
          },
          "showNode": false,
          "type": "ChatOutput"
        },
        "dragging": false,
        "id": "ChatOutput-f5E46",
        "measured": {
          "height": 48,
          "width": 192
        },
        "position": {
          "x": 1087.2373185146837,
          "y": 384.66241889001356
        },
        "selected": false,
        "type": "genericNode"
      },
      {
        "data": {
          "id": "ParserComponent-YY8sX",
          "node": {
            "base_classes": [
              "Message"
            ],
            "beta": false,
            "category": "processing",
            "conditional_paths": [],
            "custom_fields": {},
            "description": "Extracts text using a template.",
            "display_name": "Parser",
            "documentation": "https://docs.langflow.org/components-processing#parser",
            "edited": false,
            "field_order": [
              "input_data",
              "mode",
              "pattern",
              "sep"
            ],
            "frozen": false,
            "icon": "braces",
            "key": "ParserComponent",
            "legacy": false,
            "lf_version": "1.6.2",
            "metadata": {},
            "minimized": false,
            "output_types": [],
            "outputs": [
              {
                "allows_loop": false,
                "cache": true,
                "display_name": "Parsed Text",
                "group_outputs": false,
                "method": "parse_combined_text",
                "name": "parsed_text",
                "selected": "Message",
                "tool_mode": true,
                "types": [
                  "Message"
                ],
                "value": "__UNDEFINED__"
              }
            ],
            "pinned": false,
            "score": 0.001,
            "template": {
              "_type": "Component",
              "code": {
                "advanced": true,
                "dynamic": true,
                "fileTypes": [],
                "file_path": "",
                "info": "",
                "list": false,
                "load_from_db": false,
                "multiline": true,
                "name": "code",
                "password": false,
                "placeholder": "",
                "required": true,
                "show": true,
                "title_case": false,
                "type": "code",
                "value": "from langflow.custom.custom_component.component import Component\nfrom langflow.helpers.data import safe_convert\nfrom langflow.inputs.inputs import BoolInput, HandleInput, MessageTextInput, MultilineInput, TabInput\nfrom langflow.schema.data import Data\nfrom langflow.schema.dataframe import DataFrame\nfrom langflow.schema.message import Message\nfrom langflow.template.field.base import Output\n\n\nclass ParserComponent(Component):\n    display_name = \"Parser\"\n    description = \"Extracts text using a template.\"\n    documentation: str = \"https://docs.langflow.org/components-processing#parser\"\n    icon = \"braces\"\n\n    inputs = [\n        HandleInput(\n            name=\"input_data\",\n            display_name=\"Data or DataFrame\",\n            input_types=[\"DataFrame\", \"Data\"],\n            info=\"Accepts either a DataFrame or a Data object.\",\n            required=True,\n        ),\n        TabInput(\n            name=\"mode\",\n            display_name=\"Mode\",\n            options=[\"Parser\", \"Stringify\"],\n            value=\"Parser\",\n            info=\"Convert into raw string instead of using a template.\",\n            real_time_refresh=True,\n        ),\n        MultilineInput(\n            name=\"pattern\",\n            display_name=\"Template\",\n            info=(\n                \"Use variables within curly brackets to extract column values for DataFrames \"\n                \"or key values for Data.\"\n                \"For example: `Name: {Name}, Age: {Age}, Country: {Country}`\"\n            ),\n            value=\"Text: {text}\",  # Example default\n            dynamic=True,\n            show=True,\n            required=True,\n        ),\n        MessageTextInput(\n            name=\"sep\",\n            display_name=\"Separator\",\n            advanced=True,\n            value=\"\\n\",\n            info=\"String used to separate rows/items.\",\n        ),\n    ]\n\n    outputs = [\n        Output(\n            display_name=\"Parsed Text\",\n            name=\"parsed_text\",\n            info=\"Formatted text output.\",\n            method=\"parse_combined_text\",\n        ),\n    ]\n\n    def update_build_config(self, build_config, field_value, field_name=None):\n        \"\"\"Dynamically hide/show `template` and enforce requirement based on `stringify`.\"\"\"\n        if field_name == \"mode\":\n            build_config[\"pattern\"][\"show\"] = self.mode == \"Parser\"\n            build_config[\"pattern\"][\"required\"] = self.mode == \"Parser\"\n            if field_value:\n                clean_data = BoolInput(\n                    name=\"clean_data\",\n                    display_name=\"Clean Data\",\n                    info=(\n                        \"Enable to clean the data by removing empty rows and lines \"\n                        \"in each cell of the DataFrame/ Data object.\"\n                    ),\n                    value=True,\n                    advanced=True,\n                    required=False,\n                )\n                build_config[\"clean_data\"] = clean_data.to_dict()\n            else:\n                build_config.pop(\"clean_data\", None)\n\n        return build_config\n\n    def _clean_args(self):\n        \"\"\"Prepare arguments based on input type.\"\"\"\n        input_data = self.input_data\n\n        match input_data:\n            case list() if all(isinstance(item, Data) for item in input_data):\n                msg = \"List of Data objects is not supported.\"\n                raise ValueError(msg)\n            case DataFrame():\n                return input_data, None\n            case Data():\n                return None, input_data\n            case dict() if \"data\" in input_data:\n                try:\n                    if \"columns\" in input_data:  # Likely a DataFrame\n                        return DataFrame.from_dict(input_data), None\n                    # Likely a Data object\n                    return None, Data(**input_data)\n                except (TypeError, ValueError, KeyError) as e:\n                    msg = f\"Invalid structured input provided: {e!s}\"\n                    raise ValueError(msg) from e\n            case _:\n                msg = f\"Unsupported input type: {type(input_data)}. Expected DataFrame or Data.\"\n                raise ValueError(msg)\n\n    def parse_combined_text(self) -> Message:\n        \"\"\"Parse all rows/items into a single text or convert input to string if `stringify` is enabled.\"\"\"\n        # Early return for stringify option\n        if self.mode == \"Stringify\":\n            return self.convert_to_string()\n\n        df, data = self._clean_args()\n\n        lines = []\n        if df is not None:\n            for _, row in df.iterrows():\n                formatted_text = self.pattern.format(**row.to_dict())\n                lines.append(formatted_text)\n        elif data is not None:\n            formatted_text = self.pattern.format(**data.data)\n            lines.append(formatted_text)\n\n        combined_text = self.sep.join(lines)\n        self.status = combined_text\n        return Message(text=combined_text)\n\n    def convert_to_string(self) -> Message:\n        \"\"\"Convert input data to string with proper error handling.\"\"\"\n        result = \"\"\n        if isinstance(self.input_data, list):\n            result = \"\\n\".join([safe_convert(item, clean_data=self.clean_data or False) for item in self.input_data])\n        else:\n            result = safe_convert(self.input_data or False)\n        self.log(f\"Converted to string with length: {len(result)}\")\n\n        message = Message(text=result)\n        self.status = message\n        return message\n"
              },
              "input_data": {
                "_input_type": "HandleInput",
                "advanced": false,
                "display_name": "Data or DataFrame",
                "dynamic": false,
                "info": "Accepts either a DataFrame or a Data object.",
                "input_types": [
                  "DataFrame",
                  "Data"
                ],
                "list": false,
                "list_add_label": "Add More",
                "name": "input_data",
                "placeholder": "",
                "required": true,
                "show": true,
                "title_case": false,
                "trace_as_metadata": true,
                "type": "other",
                "value": ""
              },
              "mode": {
                "_input_type": "TabInput",
                "advanced": false,
                "display_name": "Mode",
                "dynamic": false,
                "info": "Convert into raw string instead of using a template.",
                "name": "mode",
                "options": [
                  "Parser",
                  "Stringify"
                ],
                "placeholder": "",
                "real_time_refresh": true,
                "required": false,
                "show": true,
                "title_case": false,
                "tool_mode": false,
                "trace_as_metadata": true,
                "type": "tab",
                "value": "Parser"
              },
              "pattern": {
                "_input_type": "MultilineInput",
                "advanced": false,
                "copy_field": false,
                "display_name": "Template",
                "dynamic": true,
                "info": "Use variables within curly brackets to extract column values for DataFrames or key values for Data.For example: `Name: {Name}, Age: {Age}, Country: {Country}`",
                "input_types": [
                  "Message"
                ],
                "list": false,
                "list_add_label": "Add More",
                "load_from_db": false,
                "multiline": true,
                "name": "pattern",
                "placeholder": "",
                "required": true,
                "show": true,
                "title_case": false,
                "tool_mode": false,
                "trace_as_input": true,
                "trace_as_metadata": true,
                "type": "str",
                "value": "Article Title: {title} \\n Article Content: {content} \\n"
              },
              "sep": {
                "_input_type": "MessageTextInput",
                "advanced": true,
                "display_name": "Separator",
                "dynamic": false,
                "info": "String used to separate rows/items.",
                "input_types": [
                  "Message"
                ],
                "list": false,
                "list_add_label": "Add More",
                "load_from_db": false,
                "name": "sep",
                "placeholder": "",
                "required": false,
                "show": true,
                "title_case": false,
                "tool_mode": false,
                "trace_as_input": true,
                "trace_as_metadata": true,
                "type": "str",
                "value": "\n"
              }
            },
            "tool_mode": false
          },
          "showNode": true,
          "type": "ParserComponent"
        },
        "dragging": false,
        "id": "ParserComponent-YY8sX",
        "measured": {
          "height": 329,
          "width": 320
        },
        "position": {
          "x": 698.7151285653138,
          "y": 203.24569792604504
        },
        "selected": false,
        "type": "genericNode"
      }
    ],
    "viewport": {
      "x": -59.00688930645492,
      "y": 31.91636704415589,
      "zoom": 0.8935065235851581
    }
  },
  "description": "",
  "endpoint_name": null,
  "id": "d54b9e8c-ad75-4dff-a9ca-e6c57e77a265",
  "is_component": false,
  "last_tested_version": "1.6.2",
  "name": "Tavily Web Search Example",
  "tags": []
}